,0,1,2,3,4,5,6,7,8,9,10,11,12,13,14,15,16,17,18,19,20,21,22,23,24,25,26,27,28,29,30,31,32,33,34,35,36,37,38,39,40,41,42,43,44,45,46,47,48,49,50,51,52,53,54,55,56,57,58,59,60,61,62,63,64,65,66,67,68,69,70,71,72,73,74,75,76,77,78,79,80,81,82,83,84,85,86,87,88,89,90,91,92,93,94,95,96,97,98,99,100,101,102,103,104,105,106,107,108,109,110,111,112,113,114,115,116,117,118,119,120,121,122,123,124,125,126,127,128,129,130,131,132,133,134,135,136,137,0,1,2,3,0
0,True,True,True,True,False,True,True,True,True,True,True,True,True,True,True,True,True,False,False,False,True,True,False,True,True,True,True,True,False,True,True,True,True,True,True,False,False,True,True,True,True,False,True,True,True,True,True,True,False,True,False,True,True,True,True,True,True,False,True,False,True,False,True,True,True,True,False,True,False,True,True,True,True,True,True,True,False,True,True,True,False,True,True,True,True,True,True,True,True,True,True,True,True,True,True,True,True,True,True,True,True,True,True,True,False,True,True,True,True,True,True,True,True,True,True,True,True,True,True,True,True,True,True,True,True,True,True,False,True,True,True,True,False,False,False,True,True,True,0.26152716202693177,0.1327703260820284,0.04474769914312916,1.9822345949491782,0.0
1,True,True,True,True,False,False,False,True,True,False,False,True,False,True,True,False,False,False,False,True,False,True,True,False,False,True,False,False,True,True,True,True,False,False,False,False,True,False,True,True,True,False,True,True,False,False,True,False,False,False,True,True,True,False,True,False,True,True,True,False,True,False,False,False,True,False,False,False,True,False,False,False,True,False,True,True,False,False,False,True,False,False,True,True,False,True,True,False,True,True,True,True,True,True,False,False,False,False,False,True,True,True,True,False,False,False,True,True,False,True,True,False,True,True,False,False,False,True,False,True,True,True,True,False,False,False,True,False,False,True,True,False,True,True,True,True,True,True,1.0490251091973501,0.49216453239202257,0.08367713953242358,0.9350445259663615,0.0
2,False,False,True,False,False,False,False,True,True,False,False,False,False,True,False,False,False,True,False,False,True,True,False,True,True,True,True,False,False,False,False,False,False,True,False,False,True,False,False,True,True,False,False,False,False,True,False,True,False,True,False,True,False,False,False,True,False,False,False,False,True,False,False,False,True,False,True,False,False,False,False,False,False,False,False,True,False,False,True,False,False,False,False,False,False,False,False,False,True,True,False,False,False,False,False,True,True,True,True,True,True,True,True,True,False,True,True,True,False,False,False,True,True,True,False,False,False,False,False,True,True,True,True,False,False,False,False,False,False,True,True,False,False,False,False,False,False,True,3.090902410691615,1.9589978915054675,0.07013646461440813,0.16499070995238788,0.0
3,True,True,True,True,False,False,True,False,True,True,True,True,True,False,False,False,False,True,True,True,True,True,False,True,True,True,True,True,False,True,False,True,True,True,True,False,False,True,True,False,True,False,True,True,True,True,True,False,False,True,False,False,False,True,True,True,True,False,True,False,True,False,True,True,False,False,False,True,False,True,True,True,True,True,True,False,True,True,True,True,True,True,True,True,False,True,True,True,True,True,True,True,True,True,True,True,True,True,True,True,True,True,True,True,True,False,False,True,False,True,True,False,True,True,False,True,True,True,True,True,True,True,True,True,True,True,True,True,True,True,False,True,True,True,True,True,True,True,0.15924548450859632,0.06704704352952552,0.05426848619485877,2.6385463892263066,0.0
4,False,False,True,False,False,False,False,False,True,False,False,False,False,True,True,False,False,False,False,False,False,True,True,False,True,False,False,False,True,False,True,False,False,False,False,False,True,False,False,False,False,True,False,False,True,True,True,False,True,True,True,True,False,True,False,True,True,True,True,True,False,False,False,True,True,False,True,False,False,False,False,False,False,False,False,True,False,False,True,False,False,False,False,False,False,False,False,False,True,True,False,False,False,False,False,True,False,True,False,False,True,False,True,True,True,False,True,True,True,True,True,True,False,False,True,False,False,False,True,False,False,False,True,True,False,False,False,False,False,True,True,True,False,False,False,False,False,True,3.0944000804409932,1.6080526452984911,0.07013646461440813,0.15801844464516637,0.0
5,False,False,True,False,False,False,False,False,True,False,False,False,False,False,True,False,False,False,False,False,False,True,True,False,True,False,False,False,True,False,True,False,False,False,False,False,True,False,False,False,False,True,False,False,True,True,True,False,True,True,True,True,False,True,False,True,True,True,True,True,False,False,False,True,True,False,True,False,False,False,False,False,True,False,False,True,True,False,True,False,False,False,False,False,False,False,False,False,False,True,False,False,False,False,False,True,True,True,True,True,True,True,True,False,False,False,True,True,True,True,True,True,False,False,True,True,False,False,True,False,False,False,False,True,True,True,True,False,False,True,True,True,False,False,False,True,False,True,4.524063688582468,1.2809757218852669,0.07140590288797208,0.24436333236680596,0.0
6,True,True,True,True,True,False,True,False,True,True,True,True,True,True,True,True,True,False,False,False,True,True,False,True,True,False,True,True,False,True,True,True,True,False,True,False,False,True,True,True,True,False,True,True,True,True,True,False,True,True,False,True,True,True,True,True,True,False,True,False,True,False,True,True,False,False,False,True,False,True,True,True,True,True,True,False,True,True,True,True,True,True,True,True,False,True,True,True,True,True,True,True,True,True,True,True,True,True,True,True,True,True,True,True,True,False,False,True,True,True,True,True,True,True,True,True,True,True,True,True,True,True,True,False,True,True,True,True,True,True,False,True,True,True,True,True,True,True,0.16478090782335733,0.043026248443949276,0.048767587009415,2.772369329842851,0.0
7,True,True,True,True,False,False,True,False,True,False,True,True,True,True,True,False,True,False,True,True,True,True,False,True,True,True,True,True,False,True,True,True,True,True,True,False,False,True,True,False,True,False,True,True,True,True,True,False,False,True,False,True,True,True,True,True,True,False,True,False,False,False,True,True,False,False,False,True,False,True,True,True,True,True,True,False,True,True,True,True,True,True,True,True,False,True,True,False,True,True,True,True,True,True,True,True,True,True,True,True,True,True,True,True,False,True,True,True,True,True,True,True,True,True,True,True,True,True,True,True,True,True,True,False,True,True,True,True,True,True,False,True,True,True,True,False,True,True,0.29696413441310454,0.12621787009277363,0.05088331746535491,2.3599143014273705,0.0
8,True,True,True,True,False,True,True,True,True,True,True,True,True,False,True,False,False,True,True,True,True,True,False,True,True,True,True,True,False,True,True,True,True,True,True,False,False,True,True,True,True,False,True,True,True,True,True,True,False,False,True,True,True,False,True,False,True,False,True,False,False,False,True,True,True,True,False,True,False,True,True,True,True,True,True,True,False,True,True,True,False,True,True,True,True,True,True,True,True,True,True,True,True,True,True,True,True,True,True,True,True,True,True,True,False,True,True,True,True,True,True,True,True,True,True,True,True,True,True,True,True,True,True,True,True,True,True,False,True,True,True,True,False,False,False,True,True,True,0.25863882814066386,0.13189457262641724,0.04665185655347509,1.8366517214695834,0.0
9,True,True,True,True,True,False,True,False,True,True,True,True,True,True,True,True,True,False,False,False,True,True,False,True,True,False,True,True,False,True,True,True,True,True,True,False,False,True,True,True,True,False,True,True,True,True,True,False,True,True,False,True,True,True,True,True,True,False,True,False,False,False,True,True,False,False,False,True,False,True,True,True,True,True,True,False,True,True,True,True,True,True,True,True,False,True,True,False,True,True,True,True,True,True,True,True,True,True,True,True,True,True,True,True,False,True,True,True,True,True,True,True,True,True,True,True,True,True,True,True,True,True,True,False,True,True,True,True,True,True,False,True,True,True,True,True,True,True,0.2074992704818034,0.09294596462165976,0.047709721781445044,2.502455876923884,0.0
10,False,False,True,False,False,False,False,False,True,False,False,False,False,False,True,False,False,False,False,False,False,True,True,True,True,False,False,False,True,False,True,False,False,False,False,False,True,False,False,False,False,True,False,False,True,True,True,False,True,True,True,True,False,True,False,True,True,True,True,True,False,False,False,True,True,False,True,False,False,False,False,False,True,False,False,True,False,False,True,True,False,False,True,True,False,False,True,False,True,False,True,True,False,False,True,True,False,False,False,False,True,True,True,False,False,False,True,True,True,True,True,True,False,False,True,False,False,False,True,False,False,False,True,True,True,True,True,False,False,True,True,True,False,False,False,True,False,True,3.6836214186874656,1.0205764030155733,0.07775309425579181,0.4730408750503386,0.0
11,True,True,True,True,True,False,True,False,True,True,True,True,True,True,False,True,True,False,True,True,False,True,False,False,True,True,True,True,False,True,True,True,True,True,True,False,False,True,True,True,True,False,True,True,True,True,True,False,False,False,False,True,True,True,True,True,True,False,True,False,False,False,True,True,False,False,False,True,False,True,True,True,True,True,True,False,True,True,True,True,True,True,True,True,False,True,True,False,True,True,True,True,True,True,True,True,True,True,True,True,True,True,True,True,False,True,True,True,True,True,True,True,True,True,True,True,True,True,True,True,False,True,True,False,True,True,True,True,True,True,False,True,True,True,True,True,True,True,0.2314168170243888,0.10531057190481558,0.04982545223738496,2.3702671190195232,0.0
12,False,False,True,False,False,False,False,False,True,False,False,False,False,False,True,False,False,False,False,False,False,True,True,True,True,False,False,False,True,False,True,False,False,False,False,False,True,True,False,True,True,True,False,False,True,True,True,False,True,True,True,True,False,True,False,True,True,True,True,True,False,False,False,True,True,False,True,False,False,False,False,False,True,True,False,True,True,False,True,False,False,False,False,False,False,False,False,False,True,True,False,False,False,False,True,True,True,True,True,True,True,True,True,False,False,False,True,True,True,True,True,True,False,False,True,True,False,False,True,False,False,False,True,True,True,True,True,False,False,True,True,True,False,False,False,True,False,True,3.972695098001811,1.1903384509795798,0.07500264466306993,0.2848148639708981,0.0
13,False,False,True,False,False,False,False,False,True,False,False,False,False,False,True,False,False,False,False,False,False,True,True,False,True,False,False,False,True,False,True,False,False,False,False,False,True,False,False,False,False,True,False,False,True,True,True,False,True,True,True,True,False,True,False,True,True,True,True,True,False,False,False,True,True,False,True,False,False,False,False,False,True,False,False,True,True,False,True,False,False,False,False,False,False,False,False,False,True,True,False,False,False,False,True,True,True,True,True,True,True,True,True,False,False,False,True,True,True,True,True,True,False,False,True,True,False,False,True,False,False,False,True,True,True,True,True,False,False,True,True,True,False,False,False,True,False,True,4.171641419210288,1.2548188870713062,0.07182904897916005,0.2569878534224317,0.0
14,True,True,True,True,False,False,True,False,True,True,True,True,True,False,True,False,False,True,True,True,True,True,False,True,True,True,True,True,False,True,True,True,True,True,True,False,False,True,True,True,True,False,True,True,True,True,True,True,False,False,True,True,True,False,True,False,True,False,True,False,False,False,True,True,True,True,False,True,False,True,True,True,True,True,True,True,False,True,True,True,False,True,True,True,True,True,True,True,True,True,True,True,True,True,True,True,True,True,True,True,True,True,True,True,False,True,True,True,True,True,True,True,True,False,True,False,True,True,True,True,True,True,True,False,True,True,True,True,True,True,False,True,True,True,True,True,True,True,0.2579890794981563,0.12783588766135973,0.04940230614619697,1.6814202869599413,0.0
15,True,True,True,True,True,False,True,False,True,True,True,True,True,True,True,True,True,False,False,False,True,True,False,True,True,False,True,True,False,True,True,True,True,True,True,False,False,True,True,True,True,False,False,True,True,True,True,False,True,True,False,True,True,True,True,True,True,False,True,False,True,False,True,True,False,False,False,True,False,True,True,True,True,True,True,False,True,True,True,True,True,True,True,True,False,True,True,True,True,True,True,True,True,True,True,True,True,True,True,True,True,True,True,True,True,False,False,True,True,True,True,True,True,True,True,True,True,True,True,True,True,True,True,False,True,True,True,False,True,False,True,True,False,False,False,True,True,True,0.2636570818880138,0.06181965545506193,0.05511477837723474,2.687816917878221,0.0
16,True,True,True,True,False,False,False,True,True,False,False,True,False,True,True,False,False,False,False,True,False,True,True,False,True,False,False,False,True,True,True,True,False,False,False,False,True,False,False,True,True,False,True,True,False,False,True,False,False,False,True,True,True,False,True,False,True,True,True,False,False,False,False,False,True,False,False,False,True,False,False,False,True,False,True,True,False,False,False,True,False,False,True,True,False,True,True,False,True,True,True,True,True,True,False,False,False,False,False,True,True,True,True,False,False,False,True,True,False,True,True,False,True,True,False,False,False,True,False,True,True,True,True,False,False,False,True,False,False,True,True,False,True,True,True,True,True,True,1.0574168575613834,0.49901415442206765,0.08325399344123559,0.9150510061782845,0.0
17,True,True,True,True,False,False,False,True,True,False,False,True,False,True,True,False,False,False,False,False,False,True,True,True,False,True,True,False,False,False,True,False,False,False,False,False,True,False,True,True,True,False,True,True,True,True,True,False,False,True,False,True,True,True,True,True,True,False,True,False,False,False,True,False,False,True,False,False,True,False,False,False,True,False,True,True,False,False,False,True,False,False,True,True,False,False,True,False,True,False,True,True,False,False,True,True,False,False,False,False,True,True,True,False,False,False,False,True,True,True,True,False,True,True,True,False,False,False,False,True,True,True,True,False,False,True,True,True,True,True,False,False,True,True,True,True,True,True,1.2347981421819394,0.5735845490674043,0.0828308473500476,0.8373269060873004,0.0
18,True,True,True,True,False,False,True,False,True,True,True,True,True,False,True,True,True,False,False,False,True,True,False,True,True,True,True,True,False,True,True,True,True,True,True,False,False,True,True,True,True,False,False,True,True,True,True,False,False,True,False,True,True,False,True,True,True,False,True,False,False,False,True,True,False,False,False,True,False,False,True,False,True,False,True,False,True,True,False,True,True,True,True,True,True,True,True,True,True,True,True,True,True,True,True,True,True,True,True,True,True,True,True,True,False,True,True,True,True,True,True,True,True,True,True,True,True,True,True,True,True,True,True,False,True,True,True,True,True,True,False,True,True,True,True,True,True,True,0.4380125367064567,0.1769007159314305,0.052999047921294826,1.4831200145292351,0.0
19,True,True,True,True,False,False,True,False,True,True,True,True,True,False,True,True,True,False,False,False,True,True,False,True,True,True,True,True,False,True,True,True,True,True,True,False,False,True,True,True,True,True,True,False,False,True,False,False,False,True,False,True,True,False,True,False,True,False,True,False,False,False,True,True,True,True,False,True,False,True,True,False,True,False,True,False,True,True,True,True,True,True,True,True,True,True,True,True,False,True,True,True,True,True,True,True,True,True,True,True,True,True,True,True,False,True,True,True,True,True,True,True,True,False,True,True,True,True,True,True,True,True,True,False,True,True,True,True,True,True,False,True,True,True,True,True,True,True,0.4356315705918264,0.12250335136766026,0.0536337670580768,1.80072050384931,0.0
20,False,False,True,False,False,False,False,False,True,False,False,False,False,True,True,False,False,False,False,False,False,True,True,False,True,False,False,False,True,False,True,False,False,False,False,False,True,False,False,False,False,True,False,False,True,True,True,False,True,True,True,True,False,True,False,True,True,True,True,True,False,False,False,True,True,False,True,False,False,False,False,False,True,False,False,True,True,False,True,False,False,False,False,False,False,False,False,False,False,True,False,False,False,False,False,True,True,True,True,True,True,True,True,False,False,False,True,True,False,False,False,True,True,True,False,False,False,False,False,True,True,True,False,False,False,False,False,False,False,True,True,True,False,False,False,False,False,True,3.2967069196171317,1.2662367722825791,0.07161747593356606,0.22704875179809714,0.0
21,True,True,True,True,False,False,True,False,True,True,True,True,True,True,True,False,True,False,True,True,False,True,True,False,False,True,False,True,False,False,True,False,False,False,False,False,True,False,True,False,False,True,True,True,True,True,True,False,True,True,True,True,False,True,False,True,True,True,True,True,False,False,False,True,True,False,True,False,False,False,False,False,True,False,False,True,True,True,True,True,True,True,True,True,False,True,True,False,True,True,True,True,True,True,True,True,True,True,True,True,True,True,True,True,False,True,True,True,True,True,True,True,False,True,True,True,True,True,True,True,True,True,True,False,True,True,True,True,True,True,False,True,True,True,True,True,True,True,1.0147606590273703,0.5472381439047034,0.059134666243520574,1.1534925475835822,0.0
22,False,False,True,False,False,False,False,False,True,False,False,False,False,False,True,False,False,False,False,False,False,True,True,True,True,False,False,False,True,False,False,True,False,True,False,False,True,False,False,False,False,False,False,True,False,False,True,False,True,True,True,True,False,True,False,True,True,True,True,True,False,True,False,True,True,False,True,False,False,False,False,False,True,False,False,True,False,False,True,True,False,False,True,True,False,False,True,False,True,False,True,True,True,False,True,True,False,False,False,True,True,True,True,False,False,False,True,True,True,True,True,True,False,False,True,False,False,False,True,False,True,True,True,False,True,True,True,False,False,True,True,True,False,False,False,True,False,True,3.4934462845395906,0.9597528485094987,0.07563736379985189,0.5238911809468215,0.0
23,False,True,True,True,False,False,False,True,True,False,False,True,False,True,True,False,False,False,False,True,False,True,True,False,False,True,False,False,False,False,False,False,False,True,False,False,True,False,False,False,False,False,False,True,False,False,False,True,False,True,False,True,False,False,False,True,False,False,False,False,True,False,False,False,True,False,True,False,False,False,False,False,False,False,False,True,False,False,True,False,False,False,False,False,False,False,False,False,True,True,False,False,False,False,False,True,False,True,False,False,False,False,True,True,True,False,True,True,False,False,False,True,True,True,False,False,False,False,False,True,True,True,True,False,False,False,True,False,False,True,True,False,False,False,False,True,True,True,2.842449272420124,1.9049672842725294,0.06992489156881414,0.224437759160775,0.0
24,True,True,True,True,False,True,True,True,False,True,True,False,True,True,False,False,True,False,False,False,True,True,False,True,True,True,True,False,False,True,True,True,True,True,True,False,False,True,True,True,True,False,True,True,True,True,True,True,False,True,False,True,True,True,True,True,True,False,True,False,False,False,True,True,True,True,False,True,False,True,True,True,True,True,True,True,False,True,True,True,False,True,True,True,True,True,True,True,False,True,True,True,True,True,True,True,True,True,True,True,True,True,True,True,False,True,True,True,True,True,True,True,True,True,True,True,True,True,True,True,True,True,True,True,True,True,True,False,True,True,True,True,False,False,False,True,True,True,0.3429222260668687,0.15102766805654613,0.05278747487570084,1.5442335553820394,0.0
25,False,True,False,False,True,False,False,True,True,True,True,True,False,False,True,False,False,True,True,True,True,True,False,False,False,True,True,False,False,True,False,False,True,True,True,True,False,True,False,True,True,True,False,False,True,False,True,False,False,True,False,False,False,False,True,False,True,False,True,False,True,False,True,True,False,False,True,False,False,False,False,False,True,False,False,True,True,False,True,False,False,False,False,False,False,False,True,False,True,False,True,False,True,True,True,True,True,True,True,True,True,True,True,True,True,False,True,True,False,False,False,True,True,True,False,False,False,False,False,True,True,False,False,True,False,True,True,True,False,False,True,True,False,True,False,True,False,True,1.5961479370713523,0.773039911201594,0.07690680207341585,0.6691720976736635,0.0
26,False,False,True,False,False,False,False,False,True,False,False,False,False,False,True,False,False,False,False,False,False,True,True,False,True,False,False,False,True,False,True,False,False,False,False,False,True,False,False,False,False,True,False,False,True,True,True,False,True,True,True,True,False,True,False,True,True,True,True,True,False,False,False,True,True,False,True,False,False,False,False,False,True,False,False,True,True,False,True,False,False,False,False,False,False,False,False,False,True,True,False,False,False,False,False,True,True,True,True,True,True,True,True,False,False,False,True,True,False,True,True,True,True,True,True,True,True,True,True,True,True,True,True,False,True,True,True,True,True,True,False,False,True,True,True,True,False,True,4.000560486054241,1.2028078097944463,0.0659050037025283,0.33896536244491715,0.0
27,False,False,True,False,False,False,False,False,True,False,False,False,False,False,True,False,False,False,False,False,True,True,False,True,True,True,True,True,False,True,True,True,True,True,True,False,False,True,True,True,True,False,True,False,True,True,True,False,False,True,False,True,True,True,False,False,False,False,True,False,True,False,False,False,True,False,False,False,False,False,False,True,True,False,False,True,False,True,True,False,False,False,False,False,False,False,False,False,True,True,False,False,True,True,True,True,True,True,True,True,True,True,True,True,True,False,False,True,False,True,True,True,True,True,True,False,False,False,True,False,False,False,True,True,True,True,True,False,False,True,True,True,False,False,False,True,False,True,4.07945837509284,1.7433769149624763,0.06442399238337036,0.27660163527972687,0.0
28,True,True,True,True,False,True,True,True,False,True,True,False,True,True,True,False,True,False,True,True,False,True,False,False,False,True,False,False,False,False,False,False,False,True,False,False,True,False,False,False,False,True,False,False,False,True,True,False,True,True,True,True,False,True,False,True,False,True,True,True,False,True,False,False,True,False,True,False,False,False,True,False,True,True,False,True,False,False,True,True,False,False,True,True,False,False,True,False,True,True,False,True,False,True,True,True,True,True,True,True,True,True,True,False,False,False,True,False,True,False,True,False,False,True,True,False,False,False,False,False,True,True,True,False,False,True,True,True,True,True,False,False,True,True,True,True,True,True,1.6411390221426139,0.9132328020953885,0.07563736379985189,0.6085691523654364,0.0
29,True,True,True,True,False,False,True,False,True,True,True,True,True,False,True,False,False,True,True,True,True,True,False,True,True,True,True,True,False,True,True,True,True,True,True,False,False,True,True,True,True,False,True,True,True,True,True,True,False,False,True,True,True,False,True,False,True,False,True,False,False,False,True,True,True,True,False,True,False,True,True,True,True,True,True,False,False,True,True,True,False,True,True,True,True,True,True,True,True,True,True,True,True,True,True,True,True,True,True,True,True,True,True,True,False,True,True,True,True,True,True,True,True,True,True,True,True,True,True,True,True,True,False,False,True,True,True,True,True,False,False,True,True,True,True,True,True,True,0.2915818552403305,0.14468436933024034,0.05088331746535491,1.6103626637076573,0.0
30,True,True,True,True,False,False,False,True,True,False,True,True,False,True,False,True,True,False,False,False,True,True,False,True,True,True,True,True,False,True,True,True,True,True,True,False,False,True,True,True,True,False,True,False,False,True,False,False,True,False,False,False,False,False,True,True,True,False,True,False,True,False,True,True,False,True,False,False,False,True,True,True,False,False,True,True,False,True,True,True,True,False,True,False,True,True,True,True,False,True,False,True,False,True,True,True,True,True,True,True,True,True,True,True,False,True,True,True,True,True,True,True,True,True,True,True,True,True,True,True,True,True,True,False,True,True,True,True,True,True,False,False,True,True,True,True,True,True,0.7488745007642287,0.407730554528444,0.061038823653866495,1.1156247497330907,0.0
31,False,False,True,False,False,False,False,False,True,False,False,False,False,True,True,False,False,False,False,False,False,True,True,False,True,False,False,False,True,False,True,False,True,False,False,False,True,False,False,False,False,False,True,False,True,True,True,False,False,True,False,True,False,False,False,True,False,False,False,True,False,False,False,False,True,False,True,False,False,False,False,False,False,False,False,True,False,False,True,False,False,False,False,False,False,False,False,False,True,True,False,False,False,False,False,True,False,True,False,False,True,False,True,True,True,False,True,True,True,True,True,True,False,False,True,False,False,False,True,False,False,False,True,True,False,False,False,False,False,True,True,True,False,False,False,False,False,True,3.5896134653727008,1.8535435595211671,0.06950174547762615,0.15868386607872084,0.0
32,True,True,True,True,False,True,True,True,False,False,False,True,True,True,False,True,True,False,False,False,True,True,False,True,True,True,True,False,False,True,True,True,False,True,True,False,False,True,True,True,True,False,False,True,True,True,True,False,False,True,False,True,True,True,True,True,True,False,True,False,False,False,True,True,False,False,False,True,False,False,True,False,True,False,True,False,True,True,False,True,True,True,True,True,True,True,True,True,False,True,True,True,True,True,True,True,True,True,True,True,True,True,True,True,False,True,True,True,True,True,True,True,True,True,True,True,True,True,True,True,True,True,True,True,True,True,True,True,True,True,False,False,True,True,True,True,True,True,0.5109512545359377,0.20206867991618982,0.057230508833174654,1.4330839217544098,0.0
33,True,True,True,True,False,False,False,False,True,False,False,False,True,True,False,True,True,False,False,False,True,True,False,True,True,True,True,False,False,False,True,False,False,False,False,False,True,False,False,False,False,False,True,False,True,True,True,False,False,True,False,True,True,False,False,True,False,False,False,True,False,False,False,False,True,False,True,False,False,False,False,False,False,False,False,True,False,False,True,False,False,False,False,False,False,False,False,False,True,True,False,False,False,False,False,True,True,True,True,True,True,True,True,True,False,True,True,True,True,False,False,True,True,True,True,True,True,True,True,True,True,True,True,False,False,True,True,True,True,True,False,False,True,True,True,True,True,True,2.5646137233708424,1.6747935483848757,0.06738601502168624,0.3166916853044779,0.0
34,True,True,False,False,False,False,False,False,True,False,False,False,False,True,True,False,False,False,False,False,False,True,True,False,True,False,False,False,True,False,True,False,False,False,False,False,True,False,False,False,False,False,True,False,True,True,True,False,False,True,False,True,False,False,False,True,False,False,False,True,False,False,False,False,True,False,True,False,False,False,False,False,False,False,False,True,False,False,True,False,False,False,False,False,False,False,False,False,True,True,False,False,False,False,False,True,True,True,True,True,True,True,True,True,False,True,True,True,True,False,False,True,True,True,False,False,False,False,False,True,True,True,True,False,False,True,True,True,True,True,False,False,True,True,False,True,False,True,3.242954828522801,1.8100308575641044,0.06971331852322014,0.18997738717018817,0.0
35,True,True,False,False,False,False,False,False,True,False,False,False,False,True,True,False,False,False,False,False,False,True,True,False,True,False,False,False,True,False,True,False,False,False,False,False,True,False,False,False,False,True,False,False,True,True,True,False,True,True,True,True,False,True,False,True,True,True,True,True,False,False,False,True,True,False,True,False,False,False,False,False,True,False,False,True,False,False,True,True,False,False,True,True,False,False,True,False,True,False,True,True,False,False,True,True,False,False,False,False,True,True,True,False,False,False,True,True,True,True,True,True,False,False,True,False,False,False,True,False,False,False,True,True,True,True,True,False,True,True,True,True,False,True,False,True,False,True,2.0234934780949514,0.9753789432381107,0.07902253252935576,0.4908044891038473,0.0
36,True,True,True,True,False,False,False,False,True,False,False,True,False,True,True,False,False,False,False,True,False,True,True,False,True,False,False,True,False,True,True,True,True,True,True,False,False,True,True,True,True,True,True,False,False,True,False,False,False,True,False,True,True,False,True,False,True,False,True,False,False,False,True,False,False,True,False,False,True,False,False,False,True,False,True,True,False,False,False,False,False,False,True,True,False,True,True,False,True,True,True,True,True,True,False,False,False,False,False,True,True,True,True,False,False,False,True,True,False,True,True,False,True,True,False,False,False,True,False,True,True,True,True,False,False,False,True,False,False,True,True,False,True,True,True,True,True,True,1.2041715548766627,0.6148918698450915,0.08177298212207765,0.7535288175054902,0.0
37,True,True,True,True,False,False,True,True,True,True,True,True,True,False,False,True,True,False,False,False,True,True,True,False,False,True,False,False,False,False,False,False,False,True,False,False,True,False,False,False,False,False,False,True,False,False,False,True,False,True,False,True,False,False,False,False,False,False,False,True,False,False,False,False,True,False,True,False,False,False,False,False,False,False,False,True,False,True,True,False,False,False,True,False,False,False,False,False,True,True,False,False,True,True,True,True,True,True,True,True,True,True,True,True,False,True,True,False,True,True,True,True,True,True,True,True,True,True,True,True,True,True,True,False,True,True,True,True,True,True,False,True,True,True,True,True,True,True,2.371122303845382,1.6371093337594658,0.05088331746535491,0.45268123558578105,0.0
38,True,True,True,True,False,True,True,True,False,True,True,False,True,True,True,False,True,False,True,True,False,True,False,False,False,True,False,False,True,False,True,False,False,False,True,False,True,False,False,False,False,True,False,False,False,True,True,False,True,True,True,True,False,True,False,True,False,True,True,True,False,True,False,False,True,False,True,False,False,False,True,False,True,True,False,True,False,False,True,True,False,False,True,True,False,False,True,False,True,True,False,True,False,True,True,True,True,True,True,True,True,True,True,False,False,False,True,False,True,False,True,False,False,True,True,False,False,False,False,False,True,True,True,False,False,True,True,True,True,True,False,False,True,True,True,True,True,True,1.517861775702977,0.8760846923242441,0.0779646673013858,0.6092313789334746,0.0
39,True,True,True,True,False,True,True,True,False,True,True,True,True,True,True,False,False,False,True,True,False,True,True,False,True,True,True,True,False,True,True,True,True,True,True,False,False,True,True,True,True,False,True,False,False,True,False,False,True,False,False,False,False,False,True,True,True,False,True,False,False,False,False,False,True,False,True,False,False,False,False,True,True,False,True,False,True,True,False,True,True,True,False,False,False,False,False,False,True,True,False,False,True,True,True,True,True,True,True,True,True,True,True,True,True,False,False,True,False,True,True,True,True,True,True,False,False,False,True,False,False,False,True,True,True,True,True,False,False,True,True,True,False,False,False,True,True,True,1.289931325572013,0.6731033406628909,0.06907859938643816,0.81248104982028,0.0
40,False,True,False,False,True,False,False,False,True,True,True,True,False,False,True,False,False,True,True,True,True,True,False,False,False,True,True,False,False,True,False,False,True,True,True,True,False,True,False,True,True,True,False,False,True,False,True,False,False,True,False,False,False,False,True,False,True,False,True,False,True,False,True,True,False,False,False,False,False,True,True,True,True,False,True,False,False,False,True,False,False,False,False,False,False,False,False,False,True,True,False,False,False,False,True,True,True,True,True,True,True,True,True,True,True,False,True,True,False,False,False,True,True,True,False,False,False,False,False,True,True,False,False,True,False,True,True,True,False,False,True,True,False,True,False,True,False,True,1.5282551112529752,0.7917055515914844,0.07965725166613774,0.6361331512861604,0.0
41,False,False,True,False,False,False,False,True,True,False,False,False,False,True,False,False,False,True,False,False,True,True,True,False,False,True,False,False,False,False,False,False,False,True,False,False,True,False,False,False,False,False,False,True,False,False,True,False,True,True,True,True,False,True,False,True,False,True,True,True,False,False,False,False,True,False,True,False,False,False,False,False,True,False,False,True,True,False,True,False,False,False,False,False,False,False,False,False,True,True,False,False,False,False,False,True,False,True,False,False,False,False,True,True,True,False,True,True,False,False,False,True,True,True,False,False,False,False,False,True,True,True,True,False,False,False,True,False,False,True,True,False,False,False,False,False,False,True,2.7035393304440256,1.2879651138410895,0.07246376811594203,0.2776569418002585,0.0
42,False,False,True,False,False,True,True,True,False,True,True,False,True,True,False,False,True,False,False,False,True,True,False,True,True,True,True,False,False,True,True,True,True,True,True,False,False,True,True,True,True,False,True,True,True,True,True,False,True,True,True,True,False,True,False,True,True,True,True,True,False,False,False,True,True,False,True,False,False,False,False,False,True,False,False,True,True,False,True,False,False,False,False,False,False,False,False,False,False,True,False,False,False,False,False,True,True,True,True,True,True,True,True,False,False,False,True,True,True,True,True,True,False,False,True,True,False,False,True,False,False,False,False,True,True,True,True,False,True,True,True,True,False,False,False,True,False,True,2.4063272404976206,1.0806837445238873,0.07352163334391199,0.3538037287301581,0.0
43,True,True,True,True,False,False,False,True,True,False,False,False,False,True,False,False,False,False,False,True,False,True,False,False,False,True,True,False,False,False,True,True,False,False,True,False,True,False,True,True,False,False,True,False,True,True,False,True,False,False,False,True,False,True,True,False,False,False,False,False,False,False,True,True,False,True,False,False,False,True,True,True,True,True,True,True,False,True,True,True,True,False,True,False,True,True,True,True,False,False,True,False,True,False,True,True,True,True,True,True,True,True,True,True,False,True,True,True,True,True,True,True,True,True,True,True,True,True,True,True,True,True,True,False,True,True,True,True,True,True,False,False,True,True,True,True,True,True,0.6570234112121435,0.39399846539755007,0.06125039669946049,1.1756724597160566,0.0
44,True,True,True,True,False,False,True,False,True,True,True,True,True,True,True,False,False,True,True,True,True,True,False,True,True,True,True,True,False,True,True,True,True,False,True,False,False,True,True,True,True,False,True,True,True,True,True,False,False,False,True,True,True,False,True,False,True,False,True,False,True,False,False,False,True,False,False,False,True,False,True,False,True,False,True,True,False,False,False,True,True,False,True,True,False,True,True,True,True,True,True,True,True,True,True,True,True,True,True,True,True,True,True,True,False,True,True,True,False,True,True,True,True,True,True,True,True,True,True,True,True,True,True,False,True,True,True,True,True,True,False,True,True,True,True,True,True,True,0.5897202562399987,0.27255567470352043,0.0561726436052047,1.2993604875607125,0.0
45,True,True,True,True,False,True,True,True,False,True,True,False,True,True,True,False,False,False,True,True,False,True,True,False,True,True,True,True,False,True,True,True,True,True,True,False,False,True,True,True,True,False,True,False,False,True,False,False,True,False,False,False,False,False,True,True,True,False,True,False,True,False,True,True,False,True,False,False,False,True,True,True,True,False,True,True,False,True,True,True,True,True,False,True,True,True,True,True,False,True,True,True,True,True,True,True,True,True,True,True,True,True,True,True,False,True,True,True,True,True,True,True,True,True,True,False,True,True,True,True,True,True,True,True,True,True,True,False,True,True,True,True,False,False,False,True,True,True,0.49712574117627284,0.22254590985332448,0.05744208187876865,1.4095331873861223,0.0
46,True,True,True,True,False,False,True,False,True,True,True,True,True,False,True,False,False,True,True,True,True,True,False,True,True,True,True,True,False,True,True,True,True,True,True,False,False,True,True,False,True,False,True,True,True,True,True,False,False,True,False,False,False,False,True,False,True,False,True,False,True,False,True,True,False,False,False,True,False,True,True,True,True,True,True,False,False,False,True,False,False,True,True,True,True,True,True,True,True,True,True,True,True,True,True,True,True,True,True,True,True,True,True,True,False,True,True,True,True,True,True,True,True,True,True,False,True,True,True,True,True,True,True,True,True,True,True,True,True,True,False,True,True,True,True,True,True,True,0.3305686727602332,0.22386713779700795,0.051518036602136885,1.3398821467696973,0.0
47,True,True,True,True,False,False,True,False,True,True,True,True,True,True,True,False,True,False,True,True,False,True,True,False,False,True,True,False,False,False,True,False,False,False,False,False,True,False,False,False,False,True,False,False,False,True,False,True,False,True,False,False,True,True,True,True,True,False,True,False,True,False,False,False,False,False,True,True,False,False,False,False,False,False,False,True,False,False,True,False,False,False,False,False,False,False,False,False,True,True,False,False,False,False,False,True,True,True,True,True,True,True,True,True,False,True,True,True,True,True,True,True,True,True,True,True,True,True,True,True,True,True,True,False,True,True,True,True,True,True,False,True,True,True,True,True,True,True,1.7903476972422174,1.1881055533820886,0.05659578969639268,0.6891041587629302,0.0
48,True,True,True,True,True,False,True,False,True,True,True,True,True,True,True,True,True,False,False,False,True,True,False,True,True,True,True,True,False,True,True,True,True,False,True,False,False,True,True,True,True,False,True,True,True,True,True,False,True,True,False,True,True,True,True,True,True,False,True,False,True,False,True,True,False,False,False,True,False,True,True,True,True,True,True,False,True,True,True,True,True,True,True,True,False,True,True,True,True,True,True,True,True,True,True,True,True,True,True,True,True,True,True,True,True,False,False,True,True,True,True,True,False,False,True,True,True,True,True,True,True,False,True,False,True,True,True,True,True,False,False,True,True,True,True,True,True,True,0.20395546942524542,0.04637415214137531,0.05469163228604676,2.759831158082886,0.0
49,False,False,True,False,False,False,False,True,True,False,False,False,False,True,False,False,False,True,False,False,True,True,False,True,True,True,True,False,False,False,False,False,False,True,False,False,True,False,False,True,True,False,False,False,False,True,False,True,False,True,False,True,False,False,False,True,False,False,False,False,True,False,False,False,True,False,True,False,False,False,False,False,False,False,False,True,False,True,True,False,False,False,False,False,True,False,False,False,True,True,False,False,False,False,False,True,True,True,True,True,True,True,True,True,False,True,True,True,False,False,False,True,True,True,False,False,False,True,False,True,True,True,True,False,False,False,True,False,False,True,True,False,False,False,False,False,False,True,2.7980161636828034,1.8478066354064573,0.07436792552628795,0.2066242970584865,0.0
50,True,True,True,True,False,False,False,True,True,False,True,True,False,True,False,True,True,False,False,False,True,True,False,True,True,True,True,True,False,True,True,True,True,True,True,False,False,True,True,True,True,False,True,False,False,True,False,False,True,False,False,False,False,False,True,True,True,False,True,False,True,False,True,True,False,True,False,False,False,True,True,True,True,False,True,True,False,True,True,True,True,False,True,False,True,True,True,True,False,True,False,True,False,True,True,True,True,True,True,True,True,True,True,True,False,True,True,True,True,True,True,True,True,True,True,True,True,True,True,True,True,True,True,False,True,True,True,True,True,True,False,False,True,True,True,True,True,True,0.5918481468167602,0.35380345378478717,0.05998095842589654,1.2323951945471567,0.0
51,True,True,True,True,False,False,False,False,True,True,True,True,True,True,False,True,True,False,False,False,True,True,False,True,True,True,True,True,False,True,True,True,True,True,True,False,False,True,True,True,True,False,True,False,False,True,False,False,True,False,False,False,False,False,True,True,True,False,True,False,True,False,True,True,False,True,False,False,False,True,True,True,True,False,True,True,False,True,True,True,True,False,True,False,False,False,False,False,True,True,False,False,False,False,False,True,True,True,True,True,True,True,True,True,False,False,True,True,True,True,True,True,True,True,True,True,True,True,True,True,True,True,True,False,True,True,True,True,True,True,False,True,True,True,False,False,True,True,0.8315410263857553,0.48745881907129657,0.06929017243203216,1.0515088289073582,0.0
52,True,True,True,True,False,False,True,False,True,True,True,True,True,False,False,True,True,False,False,False,True,True,False,True,True,True,True,False,False,False,False,False,False,True,False,False,True,False,False,True,True,False,False,False,False,True,True,False,True,True,True,True,False,True,False,True,False,True,True,True,False,False,False,False,True,False,True,False,False,False,False,False,False,False,False,True,False,True,True,False,False,False,False,False,False,False,False,False,True,True,True,False,True,True,True,True,True,True,True,True,True,True,True,True,True,False,False,True,False,True,True,True,True,True,True,True,True,True,True,True,True,True,True,False,True,True,True,True,True,True,False,True,True,True,True,True,True,True,2.0244295917961623,1.3222364327333427,0.06273140801861843,0.46193223032259273,0.0
53,True,True,True,True,False,False,True,False,True,True,True,True,True,False,True,False,False,True,True,True,True,True,False,True,True,True,True,True,False,True,True,True,True,True,True,False,False,True,True,True,True,False,True,False,True,True,True,False,False,True,False,True,False,False,False,True,False,False,True,False,True,False,False,False,True,False,False,False,False,False,False,True,True,True,True,False,False,False,True,False,False,True,True,True,True,True,True,True,True,True,True,True,True,True,True,True,True,True,True,True,True,True,True,True,False,True,True,True,True,True,True,True,True,False,True,False,True,True,True,True,True,True,True,False,True,True,True,True,True,True,False,False,True,True,True,True,True,True,1.3284051779175954,1.0469714293490573,0.05807680101555062,0.829305216329228,0.0
54,False,False,True,False,False,False,False,False,True,False,False,False,False,True,True,False,False,False,False,False,False,True,True,False,True,False,False,False,True,False,True,False,False,False,False,False,True,False,False,False,False,True,False,False,True,True,True,False,False,True,False,True,False,True,False,True,True,True,True,True,False,False,False,True,True,False,True,False,False,False,False,False,True,False,False,True,True,False,True,False,False,False,False,False,False,False,False,False,True,True,False,False,False,False,True,True,True,True,False,True,False,True,True,True,False,True,True,True,False,False,False,True,True,True,False,False,False,False,False,True,True,True,False,False,False,False,False,False,False,True,True,True,False,False,False,False,False,True,3.0871750684310117,1.377598082506066,0.073098487252724,0.23197007863593885,0.0
55,True,True,True,True,False,True,True,True,False,True,False,True,True,True,False,False,False,False,False,False,False,True,True,False,True,False,False,False,True,False,True,False,False,False,False,False,True,False,False,False,False,False,True,False,True,True,True,False,False,True,False,True,False,False,False,True,False,False,False,True,False,False,False,False,True,False,True,False,False,False,False,False,False,False,False,True,False,False,True,False,False,False,False,False,False,False,False,False,True,True,False,False,True,True,False,False,False,False,True,True,False,True,False,False,False,True,False,True,False,False,True,False,True,False,False,False,False,False,False,True,True,True,True,False,True,True,True,True,True,True,False,False,True,True,True,True,True,True,2.9707915974673966,1.7227231796451044,0.07119432984237808,0.23571946940291186,0.0
56,True,True,True,True,False,True,True,True,False,True,True,True,True,True,False,True,True,False,False,False,True,True,False,True,True,True,True,True,False,True,True,True,True,True,True,False,False,True,True,True,True,False,True,True,True,True,True,False,False,True,False,True,False,False,False,True,False,False,False,False,True,False,False,False,True,False,True,False,False,False,False,False,True,False,False,True,False,False,True,False,False,False,False,False,False,False,False,False,True,True,False,False,True,True,False,False,False,False,True,True,False,True,False,False,False,True,False,True,False,False,True,False,True,False,False,False,False,False,False,True,True,True,True,False,True,True,True,True,True,True,False,False,True,True,True,True,True,True,2.231565168612709,1.4343749903607987,0.06696286893049826,0.4091560439097344,0.0
57,True,True,True,True,False,True,True,True,False,True,True,False,True,True,True,False,False,False,True,True,False,True,True,False,False,True,True,True,False,True,True,True,True,True,True,False,False,True,True,False,True,False,True,True,True,True,True,False,False,True,False,False,False,False,True,False,True,False,True,False,True,False,True,True,False,False,False,True,False,True,True,True,True,True,False,False,False,False,True,False,False,True,True,True,True,True,True,True,True,True,True,True,True,True,True,True,True,True,True,True,True,True,True,True,False,True,True,True,True,True,True,True,True,True,True,False,True,True,True,True,True,True,True,True,True,True,True,False,True,True,True,True,False,False,False,True,True,True,0.41675926500397137,0.30651505812768254,0.060192531471490535,1.2546894834188222,0.0
58,False,False,True,False,False,False,False,False,True,False,False,False,False,False,True,False,False,True,False,False,True,True,False,True,True,True,True,False,True,False,True,False,False,False,False,False,True,False,False,False,False,True,False,False,True,True,True,False,True,True,True,True,False,True,False,True,True,True,True,True,False,True,False,True,True,False,True,False,False,False,True,False,True,False,False,True,True,False,True,False,False,False,False,False,False,False,False,False,True,True,False,False,False,False,False,True,True,True,True,True,True,True,True,False,False,False,True,True,False,True,True,True,True,True,True,True,True,True,True,True,True,True,True,False,True,True,True,True,True,True,False,False,True,True,True,True,False,True,2.1749074992976234,1.0283862723763488,0.06950174547762615,0.39005811730630197,0.0
59,True,True,False,False,False,False,False,False,True,False,False,False,False,True,True,False,False,False,False,False,False,True,True,False,True,False,False,False,True,False,True,False,False,False,False,False,True,False,False,False,False,False,True,False,True,True,True,False,False,True,False,True,False,False,False,True,False,False,False,True,False,False,False,False,True,False,True,False,False,False,False,False,False,False,False,True,False,False,True,False,False,False,False,False,False,False,False,False,True,True,False,False,False,False,False,True,True,True,True,True,True,True,True,True,False,True,True,True,True,False,False,True,True,True,False,False,False,False,True,True,True,True,True,False,True,True,True,True,True,True,False,False,True,True,False,True,False,True,3.183976580558698,1.799423959940367,0.06865545329525019,0.20069310776799895,0.0
60,False,True,True,True,False,False,True,False,True,True,True,True,False,True,True,False,False,False,False,False,False,True,True,True,False,True,True,False,False,False,True,False,False,False,False,False,True,False,True,True,True,False,True,True,True,True,True,False,False,True,False,True,True,True,True,True,True,False,True,False,False,False,True,False,False,True,False,False,True,False,False,False,True,False,True,True,False,False,False,True,False,False,True,True,True,False,True,True,True,True,True,True,True,True,True,True,False,True,True,True,True,True,False,True,False,False,False,True,False,True,True,False,True,True,True,False,True,True,True,True,True,True,False,False,True,True,True,True,True,False,True,True,True,True,True,True,True,True,0.8752003236042404,0.4318108123761885,0.07606050989103988,1.0182027095894257,0.0
61,True,True,False,False,False,False,False,False,True,False,False,False,False,True,True,False,False,False,False,False,False,True,True,False,True,False,False,False,True,False,True,False,False,False,False,False,True,False,False,False,False,False,True,False,True,True,True,False,False,True,False,True,False,False,False,True,False,False,False,True,False,False,False,False,True,False,True,False,False,False,False,False,False,False,False,True,False,False,True,False,False,False,False,False,False,False,False,False,True,True,False,False,False,False,False,True,True,True,True,True,True,True,True,True,False,True,True,True,True,True,True,True,True,False,True,True,True,False,True,True,True,True,True,True,True,True,True,False,True,True,True,True,True,True,False,True,False,True,3.0625856166899816,1.769170508946542,0.06167354279064847,0.2560887485403253,0.0
62,True,False,False,False,True,True,True,False,False,True,True,True,False,False,False,True,True,False,False,False,False,True,False,False,False,True,True,False,False,False,True,False,False,False,False,False,True,False,True,True,True,False,True,False,True,True,True,False,False,True,False,True,False,False,False,True,False,False,True,False,True,False,False,False,True,False,False,False,False,False,False,True,True,False,False,True,False,False,False,False,True,False,True,False,False,False,True,False,True,True,True,True,True,True,False,False,False,False,False,True,False,True,True,False,False,False,False,True,False,False,True,True,False,True,True,True,True,True,True,True,False,True,False,True,True,False,True,False,False,False,True,True,False,False,True,False,True,True,1.8627526644860384,1.4804863131289066,0.0807151168941077,0.4484824209896085,0.0
63,True,True,True,True,False,False,True,True,True,True,True,True,True,False,False,True,True,False,False,False,True,True,True,False,False,True,False,False,False,False,False,False,False,True,False,False,True,False,False,False,False,False,False,True,False,False,False,True,False,True,False,True,False,False,False,False,False,False,False,True,False,False,False,False,True,False,True,False,True,False,False,False,True,True,True,True,True,True,True,True,True,True,True,True,False,True,True,False,True,True,True,True,True,True,True,True,True,True,True,True,True,True,True,True,False,True,True,False,True,True,True,True,True,True,True,True,True,True,True,True,True,True,True,False,True,True,True,True,True,True,False,True,True,True,True,True,True,True,1.4595638368739676,0.8190638492677186,0.050671744419760925,1.1871151857953648,0.0
64,True,True,True,True,False,False,False,False,True,False,False,False,True,True,False,True,True,False,True,True,False,True,True,False,False,True,False,False,False,False,True,False,False,False,False,False,True,False,False,False,False,False,True,False,True,True,True,False,False,True,False,True,False,False,False,True,False,False,False,True,False,False,False,False,True,False,True,False,False,False,False,False,False,False,False,True,False,False,True,False,False,False,False,False,False,False,False,False,True,True,False,False,False,False,False,True,True,True,True,True,True,True,True,True,False,True,True,True,True,False,False,True,True,True,True,True,True,True,True,True,True,True,True,False,False,True,True,True,True,True,False,False,True,True,True,True,True,True,2.6581388675634297,1.7040793197645918,0.06378927324658838,0.30799419343303786,0.0
65,True,True,True,True,False,False,True,False,True,True,True,True,True,True,True,False,True,False,True,True,False,True,True,False,False,True,False,True,False,False,True,False,False,False,False,False,True,False,False,False,False,True,True,False,True,True,True,False,True,True,True,True,False,True,False,True,True,True,True,True,False,False,False,True,True,True,True,False,False,False,False,False,True,False,False,True,True,True,True,True,True,True,True,True,False,True,True,False,True,True,True,True,True,True,True,True,True,True,True,True,True,True,True,True,False,True,True,True,True,True,True,True,True,True,True,True,True,False,True,True,True,True,True,False,True,True,True,True,True,True,False,True,True,True,True,True,True,True,1.0896342245503627,0.5403016990218221,0.057230508833174654,1.0870487792992647,0.0
66,True,False,True,True,False,False,False,False,True,True,True,True,True,False,False,True,True,False,False,False,True,True,False,False,False,True,True,False,False,True,False,False,True,True,True,True,False,True,False,False,True,True,False,False,True,False,True,False,False,False,True,True,True,False,True,False,True,False,True,False,True,False,False,False,True,False,False,False,True,False,True,False,True,False,True,True,False,False,False,True,True,False,True,True,False,True,True,True,True,True,True,True,True,True,True,True,True,True,True,True,True,True,True,True,False,True,True,True,False,True,True,True,True,False,True,False,True,True,True,True,True,True,True,True,True,True,True,True,True,False,True,True,False,False,False,True,True,True,0.792780057756171,0.42747618730282516,0.0707711837511901,1.0592045154756036,0.0
67,True,True,True,True,False,True,False,True,True,True,True,True,True,False,True,False,False,True,True,True,True,True,False,True,True,True,True,False,False,True,True,True,True,True,True,False,False,True,True,True,True,False,True,True,True,True,True,True,False,False,True,True,True,False,True,False,True,False,True,False,False,False,True,True,True,False,True,False,False,False,False,False,False,False,False,True,False,True,True,False,False,False,False,False,False,False,False,False,True,True,True,False,True,True,True,True,True,True,True,True,True,True,True,True,True,False,True,True,True,True,True,True,True,True,True,True,True,True,True,True,True,True,True,True,True,True,True,False,True,True,True,True,False,False,False,True,True,True,1.423705045629328,0.9421363428675003,0.05596107055961071,1.0039975182189995,0.0
68,True,True,True,False,False,False,False,False,True,False,False,False,True,True,True,False,True,False,True,True,False,True,True,False,False,True,False,False,False,False,True,False,False,False,False,False,True,False,False,False,False,False,True,False,True,True,True,False,True,True,True,True,False,True,False,True,True,True,True,True,False,False,False,True,True,False,True,False,False,False,False,False,True,False,False,True,True,False,True,False,False,False,False,False,False,False,False,False,True,True,False,False,False,False,False,True,True,True,True,True,True,True,True,True,False,True,True,True,False,True,True,True,True,False,True,True,True,True,True,True,True,True,True,False,True,True,True,True,True,True,False,True,True,True,True,True,True,True,2.1119966801306145,1.1167849024387324,0.06463556542896436,0.4152303762597109,0.0
69,False,True,False,False,True,False,False,False,True,True,True,True,False,False,True,False,False,True,True,True,True,True,False,False,False,True,True,False,False,True,False,False,True,True,True,True,False,True,False,True,True,True,False,False,True,False,True,False,False,True,False,False,False,False,True,False,True,False,True,False,True,False,True,True,False,False,False,True,False,True,True,True,True,True,True,False,False,False,True,False,False,False,False,True,False,False,False,False,True,True,False,False,False,False,True,True,True,True,True,True,True,True,True,True,True,False,True,True,False,False,False,True,True,True,False,False,False,False,False,True,True,False,False,True,False,True,True,True,False,False,True,True,False,True,False,True,False,True,1.4069963329811592,0.6981754227316571,0.08134983603088966,0.7427839029677279,0.0
70,False,False,True,False,False,False,False,False,True,False,False,False,False,False,True,False,False,False,False,False,False,True,True,False,True,False,False,False,True,False,True,False,False,False,False,False,True,False,False,False,False,True,False,False,True,True,True,False,True,True,True,True,False,True,False,True,True,True,True,False,False,False,False,True,True,False,True,False,False,False,False,False,True,False,False,True,True,False,True,False,False,False,False,False,False,False,False,False,True,True,False,False,False,False,False,True,True,True,True,True,True,True,True,False,False,False,True,True,False,True,True,True,True,True,True,True,True,True,True,True,True,True,True,False,True,True,True,True,True,True,False,False,True,True,True,True,False,True,4.144482088842538,1.3464448220841039,0.06632814979371628,0.338965362444917,0.0
71,True,True,True,True,False,False,False,False,True,False,False,False,False,False,True,False,False,False,False,False,False,True,True,False,True,False,False,False,True,False,True,False,False,False,False,False,True,False,False,False,False,True,False,True,True,True,True,False,False,False,True,True,True,False,True,False,True,False,True,False,True,False,False,False,True,False,False,False,True,False,True,False,True,False,True,True,False,False,False,True,True,False,True,True,False,True,True,True,True,True,True,True,True,True,True,True,True,True,True,True,True,True,True,True,False,True,True,True,False,False,False,True,True,True,False,False,False,False,False,True,True,True,True,False,False,True,True,True,True,True,False,False,True,True,True,True,True,True,1.0259214907557561,0.4433956828825192,0.07457949857188194,1.0358457222509618,0.0
72,True,True,True,True,False,True,False,True,False,True,True,False,True,True,False,False,True,False,False,False,True,True,False,True,True,True,True,False,False,True,True,True,True,True,True,False,False,True,True,True,True,False,True,True,True,True,True,True,False,True,False,True,True,True,True,True,True,False,True,False,True,False,True,True,False,False,False,True,False,True,True,True,True,True,True,False,True,True,True,True,True,True,True,True,False,True,True,True,True,True,True,True,True,True,True,True,True,True,True,True,True,True,True,True,True,False,False,True,False,True,True,True,True,True,False,True,True,True,True,True,True,True,True,False,True,True,True,True,True,True,False,True,True,True,True,True,True,True,0.21757412222785558,0.09109011428708447,0.054056913149264786,2.5687661756366906,0.0
73,False,True,False,False,True,False,False,False,True,True,False,True,False,False,True,False,False,True,True,True,True,False,False,False,False,True,True,False,False,True,False,False,True,False,False,False,True,False,False,False,False,True,False,False,True,True,True,False,True,False,True,True,False,True,False,True,False,True,True,True,False,False,False,False,True,False,True,False,True,False,True,False,True,False,True,True,False,False,False,True,False,False,True,True,False,False,False,False,True,True,False,False,True,True,True,True,True,True,True,True,True,True,True,True,False,True,True,True,True,True,True,True,True,False,True,True,True,True,True,True,True,True,True,False,True,True,True,True,True,True,False,True,True,True,True,True,False,True,1.7025667071406936,0.9605859013239715,0.06505871152015233,0.5753958350548632,0.0
74,True,True,True,True,False,False,True,False,True,True,True,True,True,True,True,False,True,False,True,True,False,True,True,False,False,True,False,True,False,False,True,False,False,False,False,False,True,False,False,False,False,True,True,False,True,True,True,False,True,True,True,True,False,True,False,True,True,True,True,True,False,False,False,True,True,False,True,False,False,False,False,False,True,False,False,True,True,True,True,True,True,True,True,True,False,True,True,False,True,True,True,True,True,True,True,True,True,True,True,True,True,True,True,True,False,True,True,True,True,True,True,True,True,True,True,True,True,True,True,True,True,True,True,False,True,True,True,True,True,True,False,True,True,True,True,True,True,True,1.080249004682639,0.5863105590942708,0.05596107055961071,1.0997290036045035,0.0
75,False,False,True,False,False,False,False,False,True,False,False,False,True,True,True,False,True,False,True,True,False,True,True,False,False,True,False,False,False,False,True,False,False,False,False,False,True,False,False,False,False,False,True,False,True,True,True,False,False,True,False,True,False,False,False,True,False,False,False,True,False,False,False,False,True,False,True,False,False,False,False,False,True,False,False,True,False,False,True,False,False,False,False,False,False,False,False,False,True,True,False,False,False,False,False,True,True,True,True,True,True,True,True,True,False,True,True,True,False,True,True,True,False,True,True,True,True,True,True,True,False,True,False,True,True,False,True,False,False,True,True,True,False,False,False,False,False,True,2.892738545036519,1.5380319906240996,0.07098275679678409,0.24085143519895835,0.0
76,True,True,True,True,False,False,False,False,True,False,False,False,False,False,True,False,False,False,False,False,False,False,True,False,True,False,False,False,True,False,True,False,False,False,False,False,True,False,False,False,False,True,False,True,True,True,True,False,True,True,True,True,False,True,False,True,True,True,True,True,False,False,False,True,True,False,True,False,False,False,False,False,True,False,False,True,False,False,True,True,False,True,True,True,False,True,True,False,True,True,True,True,True,True,True,True,True,True,True,True,True,True,True,True,False,True,True,True,True,True,True,True,True,True,True,True,True,True,True,True,True,True,True,False,True,True,True,True,True,True,False,True,True,True,True,True,True,True,1.437743453574616,0.7476004914384244,0.05892309319792659,0.7774259738780144,0.0
77,True,True,True,True,False,False,False,False,True,False,False,False,True,True,False,True,True,False,True,True,False,True,True,False,False,True,False,False,False,False,True,False,False,False,False,False,True,False,False,False,False,False,True,False,True,True,True,False,False,True,False,True,False,False,False,True,False,False,True,True,False,False,False,False,True,False,True,False,False,False,False,False,False,False,False,True,False,False,True,False,False,False,False,False,False,False,False,False,True,True,False,False,False,False,False,True,True,True,True,True,True,True,True,True,False,True,True,True,True,False,False,True,True,False,True,True,True,True,True,True,True,True,True,False,False,True,True,True,True,True,False,False,True,True,True,True,True,True,2.6118258596136537,1.7003604557440035,0.06569343065693431,0.30799419343303786,0.0
78,False,False,True,False,False,False,False,True,True,False,False,False,False,True,False,False,False,True,False,False,True,True,False,True,True,True,True,False,False,False,False,False,False,True,False,False,True,False,False,True,True,False,False,False,False,True,False,True,False,True,False,True,False,False,False,True,False,False,False,False,True,False,False,False,True,False,True,False,False,False,False,False,False,False,False,True,False,False,True,False,False,False,False,False,False,False,False,False,True,True,False,False,False,False,False,True,False,True,False,False,False,False,True,True,True,False,True,True,False,False,False,True,True,True,False,False,False,False,False,True,True,True,True,False,False,False,True,False,False,True,True,False,False,False,False,False,False,True,3.0301768786892134,1.9515134699462238,0.07204062202475404,0.16749166080060776,0.0
79,True,True,True,True,False,True,True,True,True,True,True,True,True,False,True,False,False,True,True,True,True,True,False,True,True,True,True,True,False,True,True,True,True,True,True,True,False,True,False,True,True,True,False,False,True,False,True,False,False,True,False,False,False,False,True,False,True,False,True,False,True,False,True,True,False,False,False,True,False,True,True,True,True,True,True,False,False,False,True,False,False,False,False,True,False,False,True,True,False,True,True,True,True,True,True,True,True,True,True,True,True,True,True,True,False,True,True,True,True,True,True,True,True,True,True,True,True,True,True,True,True,True,True,True,True,True,True,False,True,True,True,True,False,False,False,True,True,True,0.8738931225229987,0.427428166435927,0.05828837406114461,1.201476418988257,0.0
80,True,True,False,False,False,False,False,False,True,False,False,False,False,True,True,True,True,False,False,False,True,True,False,True,True,True,True,True,False,True,True,True,False,True,True,False,False,True,True,True,True,False,True,True,True,True,True,False,False,True,False,True,False,False,False,True,False,False,False,False,True,False,False,False,True,False,True,False,False,False,False,False,True,False,False,True,False,False,True,False,False,False,False,False,False,False,False,False,True,True,False,False,False,False,False,True,True,True,True,True,True,True,True,True,False,True,True,True,True,True,True,True,True,False,True,True,True,False,True,True,True,True,True,True,True,True,True,False,True,True,True,True,True,True,False,True,False,True,2.282384421692644,1.4586975344677227,0.06230826192743045,0.41145668893740167,0.0
81,True,True,True,True,False,True,True,True,False,True,True,False,True,True,True,False,False,False,False,False,False,True,True,False,True,False,False,False,True,False,True,False,False,False,False,False,True,False,False,False,False,False,True,False,True,True,True,False,False,True,False,True,False,False,True,True,True,False,True,False,False,False,True,True,False,False,False,True,False,False,True,False,True,True,True,False,True,True,False,True,True,True,False,False,False,False,False,False,True,True,False,False,True,True,True,True,True,True,True,True,True,True,True,True,True,False,False,True,False,True,True,True,True,True,True,False,False,False,True,False,False,False,True,True,True,True,True,False,False,True,True,True,False,False,False,True,True,True,1.5269022700550563,0.6335594922486008,0.07373320638950598,0.7121328706041261,0.0
82,True,True,True,True,False,False,True,False,True,True,True,True,True,False,True,False,False,True,True,True,True,True,False,True,True,True,True,True,False,True,True,True,True,True,True,False,False,True,True,True,True,False,True,True,True,True,True,True,False,False,True,True,True,False,True,False,True,False,True,False,False,False,True,True,False,False,False,True,False,True,True,True,True,True,True,False,True,True,True,True,True,True,True,True,False,True,True,True,True,True,True,True,False,True,True,True,True,True,True,True,True,True,True,True,True,False,False,True,False,True,True,True,True,True,True,True,True,True,True,True,True,True,True,False,True,True,True,True,True,True,False,True,True,True,True,True,True,True,0.18918501339067476,0.06924348579201726,0.0513064635565429,2.608665258642692,0.0
83,True,False,True,False,True,True,False,True,False,True,True,False,True,True,False,True,True,False,False,False,True,True,False,True,True,True,True,True,False,True,True,True,True,True,True,False,False,True,True,True,True,False,True,False,False,True,False,False,True,False,False,False,False,False,True,True,True,False,True,False,True,False,True,True,False,True,False,False,False,True,True,True,True,False,True,True,False,True,True,True,True,False,True,False,True,True,True,True,False,True,False,True,False,True,True,True,True,True,True,True,True,True,True,True,False,True,True,True,True,True,True,True,True,True,True,True,False,False,True,False,False,False,True,True,True,True,True,True,True,False,True,True,False,False,False,True,True,True,0.6783334259799055,0.34842959702199056,0.06696286893049826,1.163549273974238,0.0
84,True,True,True,True,False,False,True,False,True,True,True,True,True,True,True,True,True,False,False,False,True,True,False,True,True,True,True,True,False,True,True,True,True,True,True,False,False,True,True,True,True,False,True,True,True,True,True,True,False,True,False,True,True,True,True,True,True,False,True,False,True,False,True,True,False,False,False,True,False,True,True,True,True,True,True,False,True,True,True,True,True,True,True,True,False,True,True,True,True,True,True,True,True,True,True,True,True,True,True,True,True,True,True,True,True,False,False,True,False,True,True,True,True,True,True,True,True,True,True,True,True,True,True,False,True,True,True,True,True,True,False,True,True,True,True,True,True,True,0.1920733472769426,0.0701192392476283,0.04897916005500899,2.6447677322641767,0.0
85,True,True,False,False,False,False,False,False,True,False,False,False,False,True,True,False,False,False,True,True,False,True,True,False,True,True,True,True,False,True,True,True,False,True,True,False,False,True,True,True,True,False,True,False,False,True,False,False,True,False,False,False,False,False,False,True,False,False,False,False,False,False,False,False,True,False,True,False,False,False,False,False,False,False,False,True,False,False,True,False,False,False,False,False,False,False,False,False,True,True,False,False,False,False,False,True,True,True,True,True,True,True,True,True,False,True,True,True,True,False,False,True,True,True,False,False,False,False,False,True,True,True,True,False,False,True,True,True,True,True,False,False,True,True,False,True,False,True,3.0320879226170248,1.881117468243432,0.0682323072040622,0.23298707673766572,0.0
86,True,True,True,True,False,True,False,True,False,True,True,False,True,True,False,False,True,False,False,False,True,True,False,True,True,True,True,False,False,True,True,True,True,True,True,False,False,True,True,True,True,False,True,True,True,True,True,True,False,True,False,True,True,True,True,True,True,False,True,False,False,False,True,True,True,True,False,True,False,True,True,True,True,True,True,True,False,True,True,True,False,True,True,True,True,True,True,True,False,True,True,True,True,True,True,True,True,True,True,True,True,True,True,True,False,True,True,True,True,True,True,True,True,True,True,True,True,True,True,True,True,True,True,True,True,True,True,False,True,True,True,True,False,False,False,True,True,True,0.3584673040143094,0.15950519667351304,0.05321062096688882,1.5366168956036035,0.0
87,True,False,False,False,True,True,True,False,False,True,True,True,False,False,False,True,True,False,False,False,False,True,False,False,False,True,True,False,False,False,True,False,False,False,False,True,True,False,True,True,True,True,False,False,False,True,False,True,False,True,False,True,False,False,False,True,False,False,True,False,True,False,False,False,True,False,False,False,False,False,False,True,True,False,False,True,False,False,False,False,True,False,True,False,False,False,True,False,True,True,True,True,True,True,False,False,False,False,False,True,False,True,True,True,True,False,False,True,True,True,True,True,True,True,True,True,False,True,True,False,False,False,True,True,True,False,True,False,False,False,True,True,False,False,True,False,True,True,1.946368867963326,1.5530549785476524,0.08029197080291971,0.4167371767241102,0.0
88,False,False,True,False,False,False,False,False,True,False,False,False,False,False,True,False,False,True,False,False,True,True,True,False,False,False,False,False,True,False,True,False,False,False,False,False,True,False,False,False,False,True,False,False,True,True,True,False,True,True,True,True,False,True,False,True,True,True,True,True,False,False,False,True,True,False,True,False,True,False,False,False,True,False,False,True,True,False,True,False,False,False,False,False,False,False,False,False,True,True,False,False,False,False,False,True,True,True,True,True,True,True,True,False,False,False,True,True,False,True,True,True,True,True,True,True,True,True,True,True,True,True,True,False,True,True,True,True,True,True,False,False,True,True,True,True,False,True,2.499605723935852,1.1309557102556167,0.06653972283931027,0.34760668842329284,0.0
89,True,True,True,True,False,False,True,False,True,False,True,True,True,False,False,True,True,False,False,False,True,True,False,True,False,True,True,False,False,False,True,False,False,False,False,False,True,False,True,True,True,False,True,True,False,True,True,False,True,False,True,True,False,False,False,True,False,True,True,True,True,True,False,False,True,False,True,False,False,False,False,False,True,False,False,True,False,False,True,True,False,False,True,True,False,False,True,False,True,False,True,True,False,False,True,True,False,False,False,False,True,True,True,False,False,False,False,False,False,True,True,False,True,True,True,True,True,True,True,True,True,True,True,False,True,True,True,True,True,True,False,True,True,True,True,True,True,True,1.3414319970643291,0.8029335092103215,0.07415635248069397,0.7098201153640743,0.0
90,True,False,False,False,True,True,True,False,False,True,True,True,False,False,False,True,True,False,False,False,False,True,False,False,False,True,True,False,False,False,True,False,False,False,False,False,True,False,True,True,True,False,True,False,True,True,True,False,False,True,False,True,False,False,False,True,False,False,True,False,True,False,False,False,True,False,False,False,False,False,False,True,True,False,False,True,False,False,False,False,True,False,True,False,False,False,True,False,True,True,True,True,True,True,False,False,False,False,False,True,False,True,True,True,True,False,False,True,True,True,True,True,True,True,True,True,False,True,True,False,False,False,True,True,True,False,True,False,False,False,True,True,False,False,True,False,True,True,1.9123605758139364,1.5060688173364272,0.08029197080291971,0.427577118201858,0.0
91,True,True,True,True,False,False,True,False,True,True,True,True,True,True,True,True,False,False,True,True,False,True,True,False,False,True,False,False,False,False,False,False,False,True,False,False,True,False,False,False,False,False,False,True,False,False,False,True,False,True,False,True,False,False,False,True,False,False,False,False,True,False,False,False,True,False,True,False,False,False,False,False,False,False,False,True,False,False,True,False,False,False,False,False,False,False,False,False,True,True,False,False,False,False,False,True,False,True,False,False,False,False,True,True,True,False,True,True,False,False,False,True,True,True,True,True,True,True,True,True,True,True,True,False,True,True,True,True,True,True,False,True,True,True,True,True,True,True,2.4447874993594456,1.7938439545619156,0.057653654924362634,0.4391077808299067,0.0
92,True,True,True,True,False,True,True,True,False,True,True,False,True,True,True,False,False,False,True,True,False,True,True,False,True,True,True,True,False,True,True,True,True,True,True,False,False,True,True,True,True,False,True,False,False,True,False,False,True,False,False,False,False,False,True,True,True,False,True,False,False,False,True,True,False,False,False,True,False,False,True,False,True,False,True,False,True,True,False,True,True,True,True,True,True,True,True,True,False,True,True,True,True,True,True,True,True,True,True,True,True,True,True,True,False,True,True,True,True,True,True,True,True,True,True,False,True,True,True,True,True,True,True,True,True,True,True,False,True,False,True,True,False,False,False,True,True,True,0.61772549190144,0.2491370463339531,0.06082725060827251,1.2711872337850945,0.0
93,False,False,True,False,False,True,True,True,False,True,True,False,True,True,False,False,True,False,False,False,True,True,False,True,True,True,True,False,False,True,True,True,True,True,True,True,False,True,True,True,True,False,True,True,True,True,True,False,True,True,True,True,False,True,False,True,True,True,True,True,False,False,False,True,True,False,True,False,False,False,False,False,True,False,False,True,True,False,True,False,False,False,False,False,False,False,False,False,False,True,True,True,True,True,True,True,True,True,True,True,True,True,True,True,False,True,True,True,True,True,True,True,True,True,True,False,True,True,True,True,True,True,True,True,True,True,True,False,True,False,True,False,False,False,False,True,False,True,2.109344273007571,0.9217129476151603,0.06273140801861843,0.5371422063215977,0.0
94,True,True,True,True,False,True,True,True,False,True,True,False,True,True,True,False,False,False,True,True,False,True,True,False,True,True,True,True,False,True,True,True,True,True,True,False,False,True,True,True,True,False,True,False,False,True,False,False,True,False,False,False,False,False,True,True,True,False,True,False,False,False,True,True,False,False,False,True,False,False,True,False,True,False,True,False,True,True,False,True,True,True,False,False,False,False,False,False,True,True,False,False,True,True,True,True,True,True,True,True,True,True,True,True,True,False,False,True,False,True,True,True,True,True,True,False,False,False,True,False,False,False,True,True,True,True,True,False,False,True,True,True,False,False,False,True,True,True,1.2362838159300351,0.6069196158877807,0.07098275679678409,0.795839202762313,0.0
95,False,True,False,False,True,False,False,True,True,True,True,True,False,False,True,False,False,True,True,True,True,True,False,False,False,True,True,False,False,True,False,False,True,True,True,True,False,True,False,True,True,True,False,False,True,False,True,False,False,True,False,False,False,False,True,False,True,False,True,False,True,False,True,True,False,False,True,False,False,False,False,False,True,False,False,True,True,False,True,False,False,False,False,False,False,False,True,False,True,False,False,False,True,True,True,True,True,True,True,True,True,True,True,True,True,False,True,True,False,False,False,True,True,True,False,False,False,False,False,True,True,False,False,True,False,True,True,True,False,False,True,True,False,True,False,True,False,True,1.7372439120137253,0.8588472840832188,0.07584893684544589,0.5482411999199924,0.0
96,True,True,True,True,False,False,False,True,True,False,False,False,False,True,False,False,False,False,False,True,True,True,False,True,True,True,True,True,False,True,True,True,True,True,True,False,False,True,True,True,True,False,True,True,True,True,True,False,True,False,True,True,False,False,False,True,False,False,True,True,True,True,False,False,True,False,True,False,False,False,False,False,True,False,False,True,False,False,True,False,False,True,False,True,False,False,False,False,True,True,False,False,True,False,True,True,True,True,True,True,True,True,True,True,True,False,False,True,False,True,True,True,True,True,True,True,True,True,True,True,True,True,True,False,True,True,True,True,True,True,False,False,True,True,True,True,True,True,1.733708896772159,1.0693457186052513,0.06251983497302444,0.5669610287176705,0.0
97,True,True,True,True,False,True,True,True,False,True,False,True,True,True,False,True,True,False,False,False,True,True,True,True,True,False,False,True,False,True,True,True,True,True,True,True,False,True,True,True,True,True,True,False,False,True,False,False,False,True,False,True,True,False,True,False,True,False,True,False,False,False,True,False,False,True,False,False,True,False,False,False,True,False,True,False,True,True,True,True,True,True,True,True,True,True,True,True,False,True,True,True,True,True,True,True,True,True,True,True,True,True,True,True,False,True,True,True,True,True,True,True,True,True,True,True,True,True,True,True,True,True,True,False,True,True,True,True,True,True,False,False,True,True,True,True,True,True,0.6685767958497278,0.20451923773972122,0.05596107055961071,1.355916376393956,0.0
98,True,True,True,True,False,True,True,True,False,True,True,False,True,True,True,False,False,False,True,True,False,True,True,False,True,True,True,True,False,True,True,True,True,True,True,False,False,True,True,True,True,False,True,True,True,True,True,False,False,True,False,True,False,False,False,True,False,False,False,True,True,False,False,False,True,False,True,False,False,False,False,False,True,False,False,False,False,False,True,False,False,False,False,False,False,False,False,False,True,True,False,False,True,True,False,False,False,False,True,True,False,True,False,False,False,True,False,True,False,False,True,False,True,False,False,False,False,False,False,True,True,True,True,False,True,True,True,False,True,True,True,True,False,False,False,True,True,True,2.2469933917609413,1.354007776701,0.06929017243203216,0.38140269449787856,0.0
99,True,True,True,True,False,False,True,False,True,True,True,True,True,True,True,False,True,False,True,True,False,True,True,True,False,True,True,False,False,False,True,False,False,False,False,False,True,False,False,False,False,False,True,False,True,True,True,False,False,True,False,False,True,True,True,True,True,False,True,False,True,False,False,False,False,False,True,True,False,False,False,False,False,False,False,True,False,False,True,False,False,False,False,False,False,False,False,False,True,True,False,False,False,False,False,True,True,True,True,True,True,True,True,True,False,True,True,True,True,True,True,True,True,True,True,True,True,True,True,True,True,True,True,False,True,True,True,True,True,True,False,True,True,True,True,True,True,True,1.7458681436966197,1.1538715391348207,0.0584999471067386,0.728579067206618,0.0
